{
    "predict_bleu-4": 26.543664999999997,
    "predict_model_preparation_time": 0.0189,
    "predict_rouge-1": 50.896305,
    "predict_rouge-2": 36.238789999999995,
    "predict_rouge-l": 33.128915,
    "predict_runtime": 22406.141,
    "predict_samples_per_second": 0.001,
    "predict_steps_per_second": 0.001
}